Type	SBS7A	SBS7B	SBS7C	SBS7D	SBS38
A[C>A]A	0.0000671258684854829	0.0023442804770015	0.0048409877443142	0.00004043655767068853	0.0129023664081568
A[C>A]C	0.0001767296021018	0.0004567881535869	0.0011351274373979	0.0007539588154125	0.0100262979657572
A[C>A]G	0.00007325781257787748	0.0001921876454952	0.0003880497411125	0.0002569364038506	0.0019668523389231
A[C>A]T	0.0002485224090664	0.0007140505667017	0.0019636310357595	0.0040513339237692	0.0089170173387408
A[C>G]A	0.00006502192335384836	8.614734047140897e-6	0.0011225477374945	0.0011808866097642	0.0027115132548018
A[C>G]C	0.00002131221892740084	0.0001872728451941	0.0003148745722932	0.0025131950656574	0.0015684706245913
A[C>G]G	0.000052268214592081126	0.0005217998290854	2.2848734995167707e-16	0.000931136203617	0.0006583780127654
A[C>G]T	0.00009583937261559292	0.0002866259954628	0.0019335749833528	0.0029109583674096	0.0024584770261674
A[C>T]A	0.0001223083417737	0.0014186423995487	0.0013330258140962	0.003332501830753	0.0034775909104969
A[C>T]C	0.0174755242087139	0.0377518655478142	0.0075806743921713	0.0013797930408079	0.0021343106581263
A[C>T]G	2.2944511523689163e-16	0.0005610639828268	0.0009541693487319	0.001243570056601	0.0053622620915156
A[C>T]T	0.0074356321289899	0.010861612752184	0.0074938565229983	0.0329108358621228	0.0024584770261674
A[T>A]A	0.0019272534104149	0.0024825215504668	0.012315400175438	0.00008817278838060975	0.0019877072256665
A[T>A]C	0.0006706056971086	0.0004691006497959	0.0034222232921956	0.0010790591582502	0.0019523447184624
A[T>A]G	0.0005833251256796	0.0015558006449645	0.0002096261820473	0.0036703166606995	0.0010790928177215
A[T>A]T	0.0036888861838877	0.0082724159822304	0.050398663637395	0.0407936089030685	0.0027192714706416
A[T>C]A	0.0004867802549312	0.0010169362623964	0.0002860349009486	0.0043236702089003	0.0027867863107575
A[T>C]C	0.0002272048331026	0.0004580512730954	0.0005333467673292	0.0039265774362088	0.0016504364367764
A[T>C]G	0.0001858289267822	0.0014959623504603	0.0010630319742725	0.0091162727940452	0.0021681772448623
A[T>C]T	0.0006114995026622	0.0021454402848458	0.0026342499086386	0.0506198073129324	0.00348906479867
A[T>G]A	0.0004698919927898	0.00008416868816017428	0.0118188114747041	0.0036691702459443	0.0011486751855696
A[T>G]C	0.0002472229285424	0.0009361917739575	0.0010506824756095	0.0026576835928569	0.0010768087887155
A[T>G]G	0.0002742719800011	0.0014660432032082	0.0006000668421266	0.0105149604933652	0.0020682611506695
A[T>G]T	0.0003072417370237	0.0007314454218259	2.206619894694787e-16	0.01419339626924	0.0028592340757619
C[C>A]A	0.0004510335985969	0.0011341214301712	0.0001080223453774	0.0143481202073857	0.3797390726251694
C[C>A]C	0.0002363133330778	0.0015316697834234	0.0030417606534017	0.0031649125928022	0.0688056158017368
C[C>A]G	2.229437236765471e-16	0.0004096279996141	0.0019102736903677	0.00008499583501963747	0.0512985225389304
C[C>A]T	0.0003687690129543	0.001482360204062	0.0133793360110468	0.0001157779317965	0.1833965523176767
C[C>G]A	2.2091279826731567e-16	0.0004556377874224	0.0002041523133651	0.0013061734381788	0.0016844073238489
C[C>G]C	0.0001289875467051	0.0009486467919499	0.0022247179885226	0.0002811070224398	0.0012474112151919
C[C>G]G	0.00007758041684887916	0.0007941556856109	0.0002620374580454	0.0013181815284537	0.000962601292065
C[C>G]T	0.0000948071269220955	0.0008854373732988	0.0042021020995981	2.1971500623022891e-16	0.0012658349619027
C[C>T]A	0.0495641915660444	0.1064481985944701	0.0026856973742308	0.0352271085953435	0.0042259671836996
C[C>T]C	0.0544505058967087	0.1798476195735572	0.005876799384083	0.0025555193688601	0.0046827418578033
C[C>T]G	0.0067126635633067	0.0221881540217055	0.008941278461569	0.0026363640556834	0.0035204867915806
C[C>T]T	0.0561083476803006	0.1253539775651485	0.0204158747733579	0.0001365588146154	0.0040865540417054
C[T>A]A	0.0001763999016243	0.0011202104184623	0.0034573571667605	0.0016016954265839	0.0008988340510881
C[T>A]C	0.0002609016367906	0.000961079748565	0.0133915763300314	0.00008113783595672402	0.0020302558781504
C[T>A]G	0.0001116224691855	0.0008831809898885	0.0009575155871419	0.0011938313361284	0.0017836722095001
C[T>A]T	0.0003721611532377	0.0001127534341176	0.0488400170568425	0.0011515536376424	0.0023802983716873
C[T>C]A	0.0004494709132696	0.0015302874377167	0.0075424179381836	0.0101473860251346	0.0019539876777681
C[T>C]C	0.0002589026852488	0.0008427003660359	0.0035777496701387	0.00008872267671036611	0.0023317793270283
C[T>C]G	0.0001036496490965	0.0007301502569404	0.0021621310710907	0.0009301929525591	0.0025452395447284
C[T>C]T	0.0018256959586249	0.0057685712227264	0.0432239152973812	0.0397536120661262	0.0043067259063559
C[T>G]A	0.00008395964038580306	0.0003590670044683	0.0032680494141566	0.0014723660378222	0.0009850104073023
C[T>G]C	0.0001719358059773	0.0007945454286472	0.0055764923463053	0.00004970066704360216	0.0014171592042457
C[T>G]G	2.221035452639617e-16	0.0012902648098758	0.001185684973751	0.000025671309994294583	0.0015932801250769
C[T>G]T	0.000026565682564160134	3.705748303590156e-6	0.003409775495221	0.0001562106289179	0.0069391747430536
G[C>A]A	0.000040521655294054425	0.0007477187392699	0.0010483880760483	0.0001674869236956	0.0120499900413087
G[C>A]C	0.0001359292568419	0.0002125333138381	0.0007306781801455	2.183138982770915e-16	0.0062194885193322
G[C>A]G	0.00004275432107083024	0.00007366676648118498	2.233980056689269e-16	0.000018291114547712005	0.0013866153196075
G[C>A]T	2.2144698844295032e-16	0.0001465952872249	0.0003606150605475	0.00007341323000963922	0.0090818238905611
G[C>G]A	0.000019562178417819374	0.000051231260234529934	0.0001817203469251	0.000195401743345	0.0012049990041308
G[C>G]C	0.000032680507836573004	0.0004468150458051	0.0004657831910757	2.183138982770915e-16	0.0010695934281861
G[C>G]G	0.00004536987953633985	0.0003404546496837	0.0001811486125697	0.0005476440096088	0.0010323702712502
G[C>G]T	0.00004170750454979332	0.0002762378665452	0.0012715889935773	0.0008748724065196	0.0009161748005969
G[C>T]A	0.00008483597783237998	0.0008569706549309	0.0001567588211507	0.0003638857673282	0.0023798730080442
G[C>T]C	0.0115244060502094	0.0259983022733693	9.364109054477714e-6	0.0001779671297252	0.0029314790185556
G[C>T]G	5.553031819081951e-6	0.0001778046945052	0.00003451599817317204	0.0001577618679803	0.004534332568838
G[C>T]T	0.0159982619127203	0.0053751705066976	0.0007530191505929	0.0417597607224401	0.0031971215380229
G[T>A]A	0.0003973262267945	0.0005230525478816	0.0017137169774105	0.0000234448472456587	0.0008896457197388
G[T>A]C	0.0002224509783661	0.0002551435223961	0.0022537352389559	0.0001110286501608	0.0011183237783365
G[T>A]G	0.0002903779902976	0.0006592141684064	2.222145302395342e-16	0.001349363985566	0.0012181868774325
G[T>A]T	0.0003093872316057	0.00005673661494740497	0.0205194816469546	0.0088412513140707	0.0018705125608865
G[T>C]A	0.0001000751942312	0.0002645097545894	2.198920720431761e-16	0.0007912655730091	0.0016936149932681
G[T>C]C	0.00007353997411020235	2.2131519566426244e-16	0.0004199695710832	0.0022998753576325	0.0021567672154415
G[T>C]G	0.00007254746680283914	0.000531592423486	0.0002322432121245	0.0025687892836119	0.0018826519891368
G[T>C]T	0.0008199768513394	0.0069506859760845	0.0071464399994792	0.3209495151704589	0.0031005782068253
G[T>G]A	0.00008981081784944585	0.0003211904162872	0.0024566580009822	0.00007399470776266966	0.0005021069301164
G[T>G]C	0.0001201639207191	0.0003199250721468	0.0016481062692964	0.000022109953283868515	0.0009375951056426
G[T>G]G	0.0003254239203643	0.0024218087161136	0.0060363345950955	0.0037982094039214	0.0021746143747027
G[T>G]T	0.0008442419023912	0.0018568990752298	0.006822980081725	0.006903442004864	0.0033953875723208
T[C>A]A	0.0003910218487334	0.0029180406522747	0.0025259635686618	0.0114096050612613	0.0178431831106287
T[C>A]C	0.0006365049923003	0.0035354446522507	0.0142076691294514	0.0077523875260816	0.0115719059218398
T[C>A]G	0.00003500015151721386	0.0003065288473566	2.259434153935946e-16	2.2565354132196816e-16	0.0024363110421776
T[C>A]T	0.0006172373407834	0.0014248451109666	0.0037548305498623	0.0001919795438375	0.0281448495949986
T[C>G]A	2.234393387560224e-16	0.000255580027619	0.0019445907944512	0.0037431515854595	0.0026815181701974
T[C>G]C	0.00005090735749912346	0.0016271076791472	0.0046124894616053	0.0005874234999059	0.0021936307566628
T[C>G]G	6.460783782974069e-6	0.000371921518228	8.905427408531319e-6	0.000887231099097	0.0011260260344801
T[C>G]T	0.0002829419560483	0.0007215171781719	0.0123818827691121	0.00008575048090728841	0.0039989986850965
T[C>T]A	0.2386237882584288	0.0066511196345242	0.0173409389721494	0.0002071742019602	0.0065021773663066
T[C>T]C	0.3312628775045095	0.2119257607383236	0.0137073990967274	0.0056444572993671	0.0072752072292928
T[C>T]G	0.0754417399627434	0.0586491742038688	0.00004722420934352608	0.00177852701131	0.0035521004670346
T[C>T]T	0.1077396644486664	0.1030738574705318	0.002335444523727	0.0502563362446782	0.0066616221106848
T[T>A]A	0.000350509983134	0.0032014903743444	0.0151586709653615	0.0164133088108583	0.0024154764736998
T[T>A]C	0.0003952371510566	0.0022840857261397	0.0347395049476594	0.0012475037571439	0.0009480212085272
T[T>A]G	2.2387587774429953e-16	0.0017139174096515	0.012252761739803	0.005615668493837	0.0008120876967182
T[T>A]T	0.0007987027581194	2.2305216506009143e-16	0.2791749289046259	0.0272755872487205	0.0025158502933234
T[T>C]A	0.0021168449002884	0.0059286863542998	0.0297267447696815	0.0798060282105729	0.002088792912245
T[T>C]C	0.0006055555096742	0.0017640480140441	0.0212296981451405	0.0145034992868043	0.0022372482116252
T[T>C]G	0.0003204607502561	0.0038411914184992	0.0129557892420665	0.0228637925803638	0.0019393128469021
T[T>C]T	0.0008127149994696	0.0029832895512758	0.0881552379547687	0.0430614579752952	0.0030794002033054
T[T>G]A	0.000126026006074	0.000943648891382	0.0189975554648708	0.0002073781352171	0.0011582407275385
T[T>G]C	0.0001178594700847	0.0015805060120926	0.0176744847595411	0.0001166361961341	0.0009224818220478
T[T>G]G	2.2387587774429953e-16	0.0013610518233227	0.0076730410736091	0.0001253499401744	0.0019191116503622
T[T>G]T	0.00008301920423072806	0.0017779206749884	0.0217136055370023	0.0001658520516944	0.0053235394542369
